Age,Email,Postal Code,Credit Card
medium,ben***********@example.com,01***-10***,5d9f454ce695dc7953f7423f5d997f8f3b91a6c3b0c096a6a49a0ac0f917393d
senior,zpa******@example.net,21***-30***,ead1a4eb7f082eb2e60f523cbcee0dca2a79ce377d46125fdc7c436b8e95e4a1
medium,xtr****@example.com,21***-30***,02c972f1f91748f7e6bc95f2572b9bd7a0375bfa26e6d6625e4f9a9c07f416e7
senior,val*****************@example.com,11***-20***,403ee98f2e0ed94d63e37d2220925c19bbe0a3c4d48ca40c1b728a06470a09ef
medium,sol**********@example.net,41***-50***,5ea8829400ca4995fb7d9d951a206633bb0c42a24b5833cfa0368f0396e5f7a5
senior,obd**********@example.net,01***-10***,815938601b3ed4cc32d2645a682bfadf1d9681ac2b0b455367d18132acc68a46
senior,aza***********@example.org,11***-20***,9f9366fd9e641077474223d9ceaf7f21dccbee9914e311adcb51bb4fd072c4fc
senior,xca*****@example.org,11***-20***,a92413ba74b2af4f648ebac9e043ece350c02c9f9d5710c2c166a2dc2c97207a
senior,fel****@example.net,31***-40***,12b8d60f5bb45c54e85d18a0b87ed7716a9307b279a91b2f5e1a0dd29f677a9b
medium,par**********@example.com,41***-50***,37cc7faac7c71888d2375889cf399d8b7446544aae5b521447862796eee41715
senior,edu************@example.org,51***-61***,d4b0b70aaefc61f5b218fcd0294b192d60e98713accf6655439171232a9a19d5
senior,anu**********@example.com,11***-20***,1f58b75488cb201c3954b8df79351755c87726e804efe93cc1ac324399d2280f
senior,ani****@example.net,41***-50***,1addbc405b320a085d8a93d2fa91a1512fcc96be0b68dc4222eb81ec0c79dddd
junior,alb*****@example.org,21***-30***,59a59d6b2fa834c925e2c88d032e73f6ba61de29596e048ee803e708d3b524b3
medium,leo**********@example.com,11***-20***,6d0ea984670a27030a80a514e26b04aded203fc1843fb125da6a4358f5abd856
medium,exp**********@example.com,31***-40***,ebd15020a826d5b927125711c7818e7f73f1613fd8af6768f9be9c529a9be806
medium,tit*****@example.com,01***-10***,32a9f5382b8c7505b780bbbe8f3fdf92a8ecf8d91db54407c86596f0ab351a59
junior,jor*********@example.org,01***-10***,9496dd666b5dc1f054d3982c215ae6b50c4caadf6e5fc4d6ae7941913c31d949
senior,jes**********@example.com,41***-50***,adf4f812341fa2501a4ad7aaeceb7590d11520214a9315be7fa90365fcdf2045
senior,mar********@example.com,11***-20***,7a32439176e3c44021dbbcd2d732ebc136105f430f734c9109cdd0775bbc3afa
senior,tec****@example.net,41***-50***,4e9a96de18262c033a04f666e970a7701a3c482487238abbed8c3372c0a0a2f5
medium,cab*********@example.net,11***-20***,4bc66652e5c387498230fc17b0044dd174810f2bd5d43f13fb744b1f6ad7523a
senior,zdi*****@example.org,01***-10***,a4ef43296647cdf6f28d71e9c6fbbacada8a21cf2b3614700cac102e5e1cc6bb
junior,ile*****@example.org,21***-30***,1d9d3f7a646748ca301ca662637f6f67577f10a2b4fb229eb025135357d9f01b
medium,rob**********@example.net,11***-20***,519b3c2b437a5989661892405663dc5c5b290363378cc7a741487baf0f49fd42
medium,ait*****@example.com,31***-40***,6c3fca790b7768936642800c61403e1cf82dbb82875f592c28ce5a26c6ef7b4d
senior,rub****@example.net,41***-50***,cf0cfddcc156cae831de1ce894552a077c15e1c0642638e6ca095036da583867
senior,gil*********@example.org,31***-40***,b189f978e8768b6e0858c4ac199c690159407694c10ea9a1c630314ac1748acb
senior,ame*********@example.org,41***-50***,f3453b70ea70be314ed3d8d32aeed9db5cdf5f5eed42c5f486ea1f235e343bb4
junior,fel*******@example.net,11***-20***,920739b9650626d895158303810c1248b1813abeb60d221d0b4dd5a53df186d7
junior,zga*******@example.com,11***-20***,0aebd7efd66bb2d327ee7036484897ce71b42ec16cf01b907459102a6b353439
senior,vil**********@example.com,11***-20***,0750bc2414620e2cf8ac1648d44005b8fb4601b2b26922923f7b471ce6d0cacf
medium,mar**********@example.com,11***-20***,18c4bf716139a531030f102d285cd602e7f6aa58b3e8cddb3e71ae447f93ec18
senior,lor*********@example.com,11***-20***,91d5255bf6f3e6a9f6a3525536a26f29065ef3dbb8d22c42f19854942d1636bf
medium,tmi**@example.net,01***-10***,c2994111dadefb6250195ceef040a40854ea385b776b8852a802dbffa7345298
medium,gon**********@example.com,31***-40***,0d566e6d47e6f97fed7145525f996262f4a31f9eef6d3a7ae64cf0ee96ce416a
senior,gal*******@example.com,11***-20***,7384c4316f6454b28ca9300282c8a1ba36690f8da29d9fa1a15e9547f56a9680
senior,cel*******@example.org,01***-10***,475e142ba5ced36dc29471439ba0f0fd40abf8876b0fe38ba15c1fd81d7b95a7
senior,ces**********@example.org,01***-10***,2224b78baa6fbf05fe7f2bd5ffcd4272fb629fd53abb449ac5f183953d269d91
junior,tji*****@example.com,31***-40***,3573cbe9768913abbe389957a8b2a5e3e8cfa30f1b11114b924a3672ef3ae06e
medium,lea******@example.org,41***-50***,50be103bf49f3d94ab3d199bd0239b6c419955977d48c26449545a70653d5ddf
junior,cru*******@example.net,21***-30***,3d5a281744b5acbdb24ac92e6270bf7fc247b65b200e814a1deb5d4f4d035f0c
medium,flo****@example.org,31***-40***,b77552a0d23de7c661d2087a4636cadb3b8dda1910caecb7266d2a262d232226
medium,vin******@example.org,21***-30***,9c1c82950e426aa9905f6ffcd52c17dcf709866fa5d9cd7883ae162c4120054f
senior,roq****@example.com,01***-10***,c2a4999b9f3753f7cfab5cd0f000681310480b4a8bfa379469c18a27594e3f78
medium,nil***@example.com,31***-40***,9a2e4105f75aecd3c33430af8083b7b3d7ba02f863598ccb17c524975313717d
senior,vic*****@example.net,31***-40***,45f6a13960aeb43f8663ee9a3d10da89c6d9c0daa137b4b4d67b60343e44109d
medium,enc**********@example.net,01***-10***,daf8ef1de98c46405b4d9d07494ef0205d4410681e8555ed29dcd98499139bd3
senior,fer************@example.com,11***-20***,40c4f91daedfba295c8869bf135c20ec9ca626d14ff80e29bd41a4b7efbce386
junior,alf**********@example.org,21***-30***,0331e4b9d1a39d029369bf9091aab6ebb0c7e8c20b976b2771b76b5a407583e3
senior,bju****@example.com,11***-20***,f41f5157e380dafe699e5b75e61473d1c5574455fa8aff80657261e789d22e10
senior,eri********@example.com,11***-20***,6e0fe1acd92e14ac4f14fe41757b7d5efe65110063c518e3ff97fb0af1421cdd
senior,cef*******@example.com,01***-10***,9dc0a721d803c7fe548b53b7ab9fe9d2cb8aa537c15e03241bcf20bd608f8197
junior,spa******@example.com,41***-50***,b03b7b8d2c1c6d06b7faf80483afb130d1f0edb676781d1d9d2889f960e6279d
medium,ile*******@example.org,11***-20***,06b8072217653c95f2e9140c636b4683b396d225e6db35124435117764de17c8
junior,ger***********@example.org,31***-40***,dd57936b58f39bba77081b0194a03962dfc2e143ef92a78cf08672ef84255925
junior,por*********@example.org,41***-50***,ee66b7035673bd2f15593d7f5a5393c176b4e69a63c4cdf8a28afdf50cc821b1
senior,mal*****@example.org,11***-20***,a89008eef1cbe8806fbc8ba4f698d0f542a4d45895d38ccb78e01a2c169d7456
senior,arc******@example.org,31***-40***,6cfacc036dbb2bdfee071d5c78c7b710ef812c2a2cb5dbcb63d88fff8a22c945
medium,ogi****@example.com,01***-10***,255adb339f736068cfe0be1198e806bc1b1e74833c171139da243271b5315b34
medium,eli****@example.net,11***-20***,f01974b2d8e30a5bf6bba82d1f6eb4125657cac5e85d29e4e6989538bcc0f620
medium,rol*****@example.net,11***-20***,e02d4b56f99ee25920ed108a071c9591dcd7406b7269e1b0ff3d9e6e5b11dd4c
junior,ros******@example.com,31***-40***,2ae30134049242650abe9ab48c813ec650ca4aaeb695856689345e56cd589150
medium,kse***@example.com,41***-50***,495244498ffa10ba76f7e621d709b17746d95ef967adfef36ab98838b7007431
medium,lol***@example.net,41***-50***,17bb456638bf13c2bdcaf0d32af15834b6435d5da0277c7342f396469facab43
junior,joa******@example.org,41***-50***,4cef16021cb93d13e8c89ea6de626fa5b5088056947545ecd4f5974739ed117d
senior,alb******@example.net,21***-30***,ce1e5ea04d2aaa9e1cec904cd73f85b4c88adef6a36586a87e9d57335a625546
medium,vis*********@example.org,41***-50***,af68cc9dd1e6d84d489f7abdbb2fa4c88bdd4d1322fa51080821bcb3b0245e64
medium,fra***************@example.com,31***-40***,a9d8bf044c942a134ac9160e52d496d7e68e89a24131b1f6db890f421213f50b
junior,for****@example.org,21***-30***,2ddd21f7310727acf8dd4e456547b0df7f1ff67df8db0a8edb3601175019b035
senior,arc*********@example.org,31***-40***,ca084c8378cdc71ce97653f4fe287ec9d71e0da2c8b7b480886596a8ce9e350c
junior,eca****@example.org,11***-20***,ace7eb887ed14f0a3ca0db4e5ea94922608ddc0548f5d5d090450b14eef7732a
senior,jor***********@example.com,31***-40***,3a8542b797c118b9c0d9fb72ce4710903de553d8685c90831b513c64dd50473f
senior,zre***@example.org,01***-10***,903995e718b118ba2b5a9c2b20bcb6ce9e8563bf95977b90f0ccfaa47b1bc732
medium,est********@example.net,11***-20***,36e5f6b49145458188e596009c655312e886005d2d1a572598b3f489a8d90c66
medium,rom*************@example.com,31***-40***,e8a41bad9e1760e1754987372c082ff9319aa435879dad529e64271bdda193dd
junior,son****@example.org,21***-30***,751237457efb8086157231522398c375641d098f093c9374fff4aa3c79ab8ddb
medium,hec********@example.org,01***-10***,7f78db0aa755215994fc9193d817314ac73f08ec2f7811c04539861ce6c881de
medium,sol**@example.com,31***-40***,6a4ce13b4be7aafab698c3d9559b73c92218b9e69de16f80412ae2bcd6831cad
senior,jul***************@example.com,21***-30***,0460395fb9b6d7bcc76516a4abcfca8d91b8276e606bee7c039b8cf274293268
senior,lea***********@example.org,01***-10***,15963f8ea099633c5dbb06ad31f8b0e82b74dd490dfae8e043d1e9741c76bc33
senior,art*****@example.org,11***-20***,db6794d65765077820e10d70778734e3658c26da668a3e47e868d68770665bed
medium,ben*********@example.org,11***-20***,70d7935b1c4e8a66138ff3ecd8caec76e9b941deea622c5b8f312daf46d328e4
junior,jam*@example.org,11***-20***,b22948886de57df227d3d908e5467f9eada870833d11ab2734723bc9df25ba5d
senior,pan******@example.com,11***-20***,171c1521f5545e5236a3196bc5f0530184482fe2ee8fab979600cf2597b79bcd
medium,enr**********@example.com,21***-30***,4f9f337a47ff4c60b9fdc4c2772fe305859dab2ddabbb834e90decd6068daa23
medium,mar***********@example.com,31***-40***,732e157ea0c354b02515d099053ebe13a442c07180c3bf086871f3c5313a9fc0
medium,wca**@example.net,41***-50***,69136b816311ae51b66b955ab1f7bb14b888a1de9e2f23eedee002baa327c259
medium,are*************@example.com,01***-10***,51368a9938f8a0dd59b678f09c70a8a555eae5ff0079c31e0d674e7a54a3116d
senior,ton***@example.net,31***-40***,3cf1c4685e834201d1a60a08b33bfc15606db1881f331dec3a1131a1b38d4db6
medium,fab************@example.net,21***-30***,8523ae986a65a6e9aa22a9ca86e48c4ae062fb6452eed6b0c3d60473ffd83b6a
senior,fer*************@example.com,11***-20***,c732c18ec599d9200c2affdb0c471006c85b9ae42e7f61fefba5caa4e282628e
senior,nat*********@example.com,01***-10***,3a1520723edd375fee68bdbbf420595d77a7a913046e6fc9da12a64a2a1dfe0c
senior,nic******@example.net,21***-30***,04d835dcc5f9724694972eddafebdbb8ccdaa9ca2f3476cba209c4d4816ab954
senior,her*********@example.net,11***-20***,e693f85423ed512070ade086ca427df040088105a9a2189c0af86d05c1382aca
senior,ube****@example.com,01***-10***,6b7d901df4b785b5f039cc680883db3ffcda5d80843da268cb796c3dc20713b5
medium,cco****@example.com,41***-50***,f1f71d8775253629b530ca81c106b5b21170cad0d0430efb49e9059c55482446
senior,her************@example.net,11***-20***,4772dc12d42ad41b8fd6ec4b90a595cc9016a60e29ddb586e6830f61614580d9
senior,eus********@example.org,01***-10***,a2adb28de60a248c5ca06a03509a4f43ab52e24e195ed7112dc108e81b7efbe3
medium,bay**********@example.net,41***-50***,327f470b9fefdce653c53b928d2cc8a71b0ea884200e8c2ddaff98db3d64b14b
